Thomas Adamcik <thomas@adamcik.no> <adamcik@samfundet.no>
Thomas Adamcik <thomas@adamcik.no> <thomas+github@adamcik.no>
Thomas Adamcik <thomas@adamcik.no> Thomas Adacmik <thomas@adamcik.no>
Kristian Klette <klette@samfundet.no>
Johannes Knutsen <johannes@knutseninfo.no> <johannes@iterate.no>
Johannes Knutsen <johannes@knutseninfo.no> <johannes@barbarmaclin.(none)>
John Bäckstrand <sopues@gmail.com> <sandos@XBMCLive.(none)>
David Caruso <deibido.caruso@gmail.com> <dav@dav.com>
Adam Rigg <adam@adamrigg.id.au> <radx@live.com.au>
Ernst Bammer <herr.ernst@gmail.com>
Alli Witheford <alzeih@gmail.com>
Alexandre Petitjean <alpetitjean@gmail.com>
Alexandre Petitjean <alpetitjean@gmail.com> <alexandre.petitjean@lne.fr>
Javier Domingo Cansino <javierdo1@gmail.com> <javier.domingo@fon.com>
Lasse Bigum <lasse@bigum.org> <l.bigum@samsung.com>
Nick Steel <kingosticks@gmail.com> <kingosticks@gmail.com>
Janez Troha <janez.troha@gmail.com> <dz0ny@users.noreply.github.com>
Janez Troha <janez.troha@gmail.com> <dz0ny@ubuntu.si>
Luke Giuliani <luke@giuliani.com.au>
Colin Montgomerie <kiteflyingmonkey@gmail.com>
Nathan Harper <nathan.sam.harper@gmail.com>
Ignasi Fosch <natx@y10k.ws> <ifosch@serenity-2.local>
Christopher Schirner <christopher@hackerspace-bamberg.de> <schinken@hackerspace-bamberg.de>
Laura Barber <laura.c.barber@gmail.com> <artzii.laura@gmail.com>
John Cass <john.cass77@gmail.com>
Ronald Zielaznicki <zielaznickizm@g.cofc.edu> <zielaznickiz@g.cofc.edu>
Kyle Heyne <kyleheyne@gmail.com>
Tom Roth <rawdlite@googlemail.com>
Eric Jahn <ejahn@newstore.com>
